<?xml version="1.0" encoding="UTF-8"?>
<project-private xmlns="http://www.netbeans.org/ns/project-private/1">
    <editor-bookmarks xmlns="http://www.netbeans.org/ns/editor-bookmarks/2" lastBookmarkId="0"/>
    <open-files xmlns="http://www.netbeans.org/ns/projectui-open-files/2">
        <group>
            <file>file:/C:/Users/lenovo/Desktop/LIU/Spring%202021-2022/CENG375/Final%20project/FinalDataBaseProject/FinalDataBaseProject/DatabaseProject/src/view/CancelAppointment.java</file>
            <file>file:/C:/Users/lenovo/Desktop/LIU/Spring%202021-2022/CENG375/Final%20project/FinalDataBaseProject/FinalDataBaseProject/DatabaseProject/src/model/Patient.java</file>
            <file>file:/C:/Users/lenovo/Desktop/LIU/Spring%202021-2022/CENG375/Final%20project/FinalDataBaseProject/FinalDataBaseProject/DatabaseProject/src/model/MedicalRecord.java</file>
            <file>file:/C:/Users/lenovo/Desktop/LIU/Spring%202021-2022/CENG375/Final%20project/FinalDataBaseProject/FinalDataBaseProject/DatabaseProject/src/view/AddDoctor.java</file>
            <file>file:/C:/Users/lenovo/Desktop/LIU/Spring%202021-2022/CENG375/Final%20project/FinalDataBaseProject/FinalDataBaseProject/DatabaseProject/src/view/AddHospital.java</file>
            <file>file:/C:/Users/lenovo/Desktop/LIU/Spring%202021-2022/CENG375/Final%20project/FinalDataBaseProject/FinalDataBaseProject/DatabaseProject/src/view/MoreMenu.java</file>
            <file>file:/C:/Users/lenovo/Desktop/LIU/Spring%202021-2022/CENG375/Final%20project/FinalDataBaseProject/FinalDataBaseProject/DatabaseProject/src/view/MainPage.java</file>
            <file>file:/C:/Users/lenovo/Desktop/LIU/Spring%202021-2022/CENG375/Final%20project/FinalDataBaseProject/FinalDataBaseProject/DatabaseProject/src/control/DBAccess.java</file>
            <file>file:/C:/Users/lenovo/Desktop/LIU/Spring%202021-2022/CENG375/Final%20project/FinalDataBaseProject/FinalDataBaseProject/DatabaseProject/src/model/Hospital.java</file>
            <file>file:/C:/Users/lenovo/Desktop/LIU/Spring%202021-2022/CENG375/Final%20project/FinalDataBaseProject/FinalDataBaseProject/DatabaseProject/src/view/AddPatient.java</file>
            <file>file:/C:/Users/lenovo/Desktop/LIU/Spring%202021-2022/CENG375/Final%20project/FinalDataBaseProject/FinalDataBaseProject/DatabaseProject/src/control/connector.java</file>
            <file>file:/C:/Users/lenovo/Desktop/LIU/Spring%202021-2022/CENG375/Final%20project/FinalDataBaseProject/FinalDataBaseProject/DatabaseProject/src/view/SearchforHospital.java</file>
            <file>file:/C:/Users/lenovo/Desktop/LIU/Spring%202021-2022/CENG375/Final%20project/FinalDataBaseProject/FinalDataBaseProject/DatabaseProject/src/view/UpdatePatient.java</file>
            <file>file:/C:/Users/lenovo/Desktop/LIU/Spring%202021-2022/CENG375/Final%20project/FinalDataBaseProject/FinalDataBaseProject/DatabaseProject/src/model/Doctor.java</file>
            <file>file:/C:/Users/lenovo/Desktop/LIU/Spring%202021-2022/CENG375/Final%20project/FinalDataBaseProject/FinalDataBaseProject/DatabaseProject/src/view/MakeAppointment.java</file>
            <file>file:/C:/Users/lenovo/Desktop/LIU/Spring%202021-2022/CENG375/Final%20project/FinalDataBaseProject/FinalDataBaseProject/DatabaseProject/src/view/UpdateDoctorSchedule.java</file>
            <file>file:/C:/Users/lenovo/Desktop/LIU/Spring%202021-2022/CENG375/Final%20project/FinalDataBaseProject/FinalDataBaseProject/DatabaseProject/src/view/AddMR.java</file>
            <file>file:/C:/Users/lenovo/Desktop/LIU/Spring%202021-2022/CENG375/Final%20project/FinalDataBaseProject/FinalDataBaseProject/DatabaseProject/src/model/Appointment.java</file>
        </group>
    </open-files>
</project-private>
